idx,smiles,metal_type,logK1_true,logK1_pred,uncertainty,cv,agreement_ratio,mean_attr,is_agreed,criterion_used,scenario,n_nodes
0,O=C(O)CN1CCN(CC(=O)O)CCN2(CC(=O)O)->[Be+2]<-N(CC(=O)O)(CC1)CC2,Be,13.2,7.91496696472168,0.6601420645611615,0.08340427287991525,0.6551724137931034,0.17706190306564856,True,mean,A,29
1,O=S1(=O)(O)->[Be+2]<-O=C(O)c2cc1cc(Br)c2O,Be,10.31,6.722756385803223,0.38640687944773827,0.057477447831328944,0.375,-0.021213650703430176,True,mean,A,16
2,O=P1([O-])OP(=O)(O)[O-]->[Be+2]<-[O-]1,Be,10.08,11.646319961547851,0.2232550141283151,0.019169575871642416,0.8,1.2866873264312744,True,both,A,10
3,O=C(O)CN1(CC(=O)O)->[Be+2]<-N(CC(=O)O)(CC(=O)O)CC1,Be,9.7,8.081660079956055,0.48870590625628824,0.06047098014779973,0.6666666666666666,0.4105032966250465,True,mean,A,21
4,[Be+2]<-N,Be,9.5,2.9905824661254883,0.5938118726508494,0.19856060796750905,0.5,-0.5500644445419312,True,mean,C,2
5,[Be+2]<-N,Be,9.25,2.9905824661254883,0.5938118726508494,0.19856060796750905,0.5,-0.5500644445419312,True,mean,C,2
6,O=C(O)CCN1(CCC(=O)O)->[Be+2]<-O=C(O)CC1,Be,9.23,6.43233289718628,0.24286270106088748,0.03775655037492289,0.29411764705882354,0.010427166433895336,False,none,B,17
7,[Be+2]<-[OH-],Be,8.18,3.3351793766021727,0.38213975987976934,0.11457847291832537,0.5,0.03650379180908203,False,none,D,2
8,[Be+2]<-N,Be,8.1,2.9905824661254883,0.5938118726508494,0.19856060796750905,0.5,-0.5500644445419312,True,mean,C,2
9,CC1=O->[Be+2]<-O=C(C)C1,Be,7.9,5.44590311050415,0.3936778651930007,0.07228881182877972,0.625,-0.11699897050857544,True,mean,A,8
10,O=C(O)CN1(CC(=O)O)->[Be+2]<-O=C(O)C1,Be,7.79,6.263767051696777,0.43747807547275586,0.06984264770099463,0.42857142857142855,0.019294909068516324,False,none,B,14
11,CC1=O->[Be+2]<-O=C(C)C1,Be,7.55,5.44590311050415,0.3936778651930007,0.07228881182877972,0.625,-0.11699897050857544,True,mean,A,8
12,CC1=O->[Be+2]<-O=C(C)C1,Be,7.49,5.44590311050415,0.3936778651930007,0.07228881182877972,0.625,-0.11699897050857544,True,mean,A,8
13,[Be+2]<-O=c1cccccc1O,Be,7.4,5.806666564941406,0.6038070641151415,0.10398514489547488,0.6,0.014775609970092774,False,none,D,10
14,OC1=O->[Be+2]<-[O-]1,Be,7.34,5.253779029846191,0.3202889617638361,0.06096353880593505,0.4,0.2982810020446777,False,none,B,5
15,O=C(O)CN1(CC(=O)O)->[Be+2]<-O=C(O)C1,Be,6.84,6.263767147064209,0.4374781206352018,0.06984265384773207,0.42857142857142855,0.019294909068516324,False,none,B,14
16,O=C(O)CN1(CC(=O)O)->[Be+2]<-N(CC(=O)O)(CC(=O)O)c2ccccc21,Be,6.51,6.382873439788819,0.29574952289661094,0.04633485618765394,0.36,0.12367403030395507,False,none,B,25
17,O=C(O)CN1(CC(=O)O)->[Be+2]<-N(CC(=O)O)(CC(=O)O)c2ccccc21,Be,6.48,6.382873630523681,0.29574958150782876,0.04633486398563778,0.36,0.12367393493652344,False,none,B,25
18,[Be+2]<-P(C)(=O)(O)O,Be,6.1,5.045740604400635,0.35414436479358863,0.07018679566776029,0.3333333333333333,-0.5266789595286051,True,mean,A,6
19,O=C(O)CN1(CC(=O)O)->[Be+2]<-N(CC(=O)O)(CC(=O)O)c2cc(Cl)ccc21,Be,5.79,6.11435604095459,0.25801881839197016,0.042198854084344026,0.38461538461538464,0.060408408825214095,False,none,B,26
20,OC1=O->[Be+2]<-O=C(O)C1,Be,5.78,5.524532222747803,0.3109536283773964,0.056285965189417184,0.25,0.19581854343414307,False,none,B,8
21,CC1(C)C(O)=O->[Be+2]<-O=C1O,Be,5.54,6.178851699829101,0.12664025367248974,0.020495758730702734,0.5,-0.11684279441833496,True,mean,A,10
22,CC1C(O)=O->[Be+2]<-O=C1O,Be,5.39,5.818179798126221,0.1790565992000663,0.030775363672627055,0.4444444444444444,-0.018049875895182293,True,mean,A,9
23,OC1=O->[Be+2]<-O=C(O)C1,Be,5.36,5.524532222747803,0.3109536283773964,0.056285965189417184,0.25,0.19581854343414307,False,none,B,8
24,OC1=O->[Be+2]<-O=C(O)C1c1ccccc1,Be,5.13,5.4576818466186525,0.29568296315908277,0.054177390963578306,0.5714285714285714,0.02231386729649135,False,none,B,14
25,[Be+2]<-P(=O)(O)(O)CCl,Be,5.1,4.6482161521911625,0.3583441706464345,0.07709283710429679,0.7142857142857143,-0.3474750518798828,True,both,A,7
26,CC1(C)N->[Be+2]<-P1(=O)(O)O,Be,4.81,6.385629749298095,0.13486366358664312,0.021119868968517513,0.4444444444444444,-0.4285101890563965,True,mean,A,9
27,COC(=O)[C@@H]1Cc2c[nH](->[Be+2]<-N1)cn2,Be,4.8,5.62239351272583,0.22529705108962503,0.04007137717765281,0.6923076923076923,-0.21313139108511117,True,mean,A,13
28,O=C(O)C1(O)CC(O)=O->[Be+2]<-O=C(O)C1,Be,4.31,7.284386730194091,0.3216167026031322,0.04415151398675984,0.5714285714285714,0.21613543374197824,True,mean,A,14
29,OC1=O->[Be+2]<-O=C1O,Be,4.16,5.805395221710205,0.25900660225849237,0.04461480956367892,0.14285714285714285,0.5635894366673061,False,none,B,7
30,O=C(O)C1CC(O)=O->[Be+2]<-O=C(O)C1,Be,3.75,5.820276737213135,0.3706797337063577,0.06368764758835962,0.5384615384615384,-0.021372171548696663,True,mean,A,13
31,O=C(O)CN1(CC(=O)O)->[Be+2]<-N(CC(=O)O)(CC(=O)O)c2cccc1c2,Be,3.57,6.666167831420898,0.5128157218960386,0.07692811445263772,0.44,0.06974191665649414,False,none,B,25
32,OC1=O->[Be+2]<-O=C1O,Be,3.55,5.805395221710205,0.25900660225849237,0.04461480956367892,0.14285714285714285,0.5635894366673061,False,none,B,7
33,OC1=O->[Be+2]<-O=C1O,Be,3.5,5.805395221710205,0.25900660225849237,0.04461480956367892,0.14285714285714285,0.5635894366673061,False,none,B,7
34,O=S1(=O)(O)->[Be+2]<-O=Cc2cc1ccc2O,Be,3.4,5.58241720199585,0.48368746996802114,0.08664480859565478,0.5714285714285714,-0.04953830582754953,True,mean,A,14
35,OC1=O->[Be+2]<-O=C(O)c2ccccc21,Be,3.17,5.46461935043335,0.16292714761202742,0.02981491246944897,0.6923076923076923,-0.11982264885535607,True,mean,A,13
36,OC1=O->[Be+2]<-O=C(O)CC1,Be,3.13,5.223819160461426,0.3652403661299847,0.06991826380485242,0.3333333333333333,0.03282578786214193,False,none,B,9
37,O=C(O)C1=O->[Be+2]<-O=C(O)C1,Be,3.1,4.8739320755004885,0.19853879354010387,0.04073482979750319,0.5,-0.113254976272583,True,mean,A,10
38,OC1=O->[Be+2]<-O=C(O)CC1,Be,3.04,5.223819160461426,0.3652403661299847,0.06991826380485242,0.3333333333333333,0.03282578786214193,False,none,B,9
39,OC1=O->[Be+2]<-Nc2ccccc21,Be,1.96,5.252513694763183,0.2445488638587096,0.0465584438366201,0.7272727272727273,-0.1373044794256037,True,both,A,11
40,[Be+2]<-O=C(C)O,Be,1.62,4.229508781433106,0.1870925080185106,0.044235044230152204,0.4,-0.5964646339416504,True,mean,A,5
41,[Be+2]<-O=C(O)[C@@H](C)O,Be,1.3,5.45640344619751,0.5094517379567339,0.09336768129045948,0.5714285714285714,-0.40141180583408903,True,mean,A,7
42,[Be+2]<-O=C(O)C(C)(C)O,Be,1.16,5.880727672576905,0.11926603361257591,0.020280829219271455,0.625,-0.4161677956581116,True,mean,A,8
43,[Be+2]1<-N#CS->1,Be,-0.16,3.666616153717041,0.27911938111652596,0.07612451628828613,0.5,-0.22674167156219482,True,mean,A,4
44,O=[N+]1[O-]->[Be+2]<-[O-]1,Be,-0.6,2.9857194423675537,0.45359806644447437,0.1519225349870079,0.8,-0.5474020004272461,True,both,C,5
45,O=[N+]1[O-]->[Be+2]<-[O-]1,Be,-0.9,2.9857194423675537,0.45359806644447437,0.1519225349870079,0.8,-0.5474020004272461,True,both,C,5
46,O=C(O)CN1CCN2(CC(=O)O)->[Ga+3]<-N(CC(=O)O)(CC1)CC2,Ga,30.7,6.097125720977783,0.4545793191065341,0.07455633029552065,0.6818181818181818,-0.11265171657909047,True,mean,A,22
47,O=C(O)CN1CCN2(CC(=O)O)->[Ga+3]<-N(CC(=O)O)(CCOCC2)CC1,Ga,21.3,6.49532995223999,0.47285060139066765,0.07279854986082726,0.36,-0.036968231201171875,True,mean,A,25
48,O=C(O)CN1CCN(CC(=O)O)CCN2(CC(=O)O)->[Ga+3]<-N(CC(=O)O)(CC1)CC2,Ga,21.3,7.332349967956543,0.5685707103105757,0.07754276770684897,0.4827586206896552,-0.06042939218981513,False,none,B,29
49,O=C(O)CN1CCN(CC(=O)O)CCN2(CC(=O)O)->[Ga+3]<-N(CC(=O)O)(CCOCC2)CC1,Ga,19.98,7.896248435974121,0.44541046763842096,0.05640785890286808,0.71875,0.15837928652763367,True,both,A,32
50,O=C(O)CN1->[Ga+3]<-N(CC(=O)O)CC1,Ga,19.12,5.3701043128967285,0.5775362871218549,0.1075465677146822,0.6923076923076923,-0.027931066659780648,True,mean,C,13
51,OC1=O->[Ga+3]<-N[C@H]1CS,Ga,16.1,8.725116062164307,0.564468488597681,0.06469466819420873,0.5,0.09056693315505981,True,mean,A,8
52,C1CS->[Ga+3]<-N1,Ga,15.11,6.760135269165039,0.26781013890117544,0.03961609172566947,0.4,-0.1806931495666504,False,none,B,5
53,C1COCCN23->[Ga+3]<-N(CCO1)(CCOCCOCC2)CCOCC3,Ga,15.1,4.596468925476074,0.8030475332196145,0.17470966218627046,0.2916666666666667,0.020560622215270996,False,none,D,24
54,C1COCCN23->[Ga+3]<-N(CCO1)(CCOCC2)CCOCC3,Ga,14.8,4.658660221099853,0.7742217372183379,0.16618978428857245,0.3333333333333333,0.023176238650367373,False,none,D,21
55,O=S1(=O)(O)->[Ga+3]<-n2cccc3c1cc(I)c(O)c32,Ga,14.7,6.577337551116943,0.5547968055341521,0.08434975417065804,0.47058823529411764,-0.010253569659064798,True,mean,A,17
56,CCC1C(O)=C(O)C=CN1(->[Ga+3])CC,Ga,14.58,6.692889308929443,0.37369746129020764,0.05583499801672085,0.5384615384615384,0.04315739411574144,False,none,B,13
57,C1COCCN23->[Ga+3]<-N(CCO1)(CCOCCOCC2)CCOCCOCC3,Ga,13.5,4.551372528076172,0.8251310571182182,0.18129279728877618,0.25925925925925924,0.015330173351146557,False,none,D,27
58,CC1C(O)=C(O)C=CN1(C)->[Ga+3],Ga,13.17,6.831227588653564,0.40101993531131347,0.05870393426466919,0.5454545454545454,0.058051499453457917,True,mean,A,11
59,C1COCCN2->[Ga+3]<-N(CCO1)CCOCC2,Ga,12.9,4.507238912582397,0.8718547857678314,0.19343434033060986,0.1875,0.03107544779777527,False,none,D,16
60,C1COCCN2->[Ga+3]<-N(CCO1)CCOCCOCC2,Ga,12.9,4.451724910736084,0.8884849683245424,0.19958218132073058,0.2631578947368421,0.018888071963661594,False,none,D,19
61,O=C(O)CN1->[Ga+3]<-O=C(O)C1,Ga,12.76,5.298025131225586,0.41300005960204134,0.0779535863595465,0.8,-0.11629581451416016,True,both,A,10
62,C1CN->[Ga+3]<-N1,Ga,12.72,6.322512817382813,0.27823746698270335,0.04400741841404111,0.6,0.06301727294921874,False,none,B,5
63,O=S1(=O)(O)->[Ga+3]<-n2cccc3c1ccc(O)c32,Ga,11.97,6.603132057189941,0.7558319723225334,0.11446567564850259,0.5,0.12101620435714722,False,none,D,16
64,[OH-]->[Ga+3],Ga,11.4,3.0900318145751955,0.2656728747540278,0.08597739139800778,0.5,-0.019397497177124023,True,mean,A,2
65,CN12->[Ga+3]<-O=C1C(O)=CC=C2,Ga,11.2,5.975334358215332,0.5011642387583832,0.08387216659589024,0.6,-0.05968499183654785,True,mean,A,10
66,[OH-]->[Ga+3],Ga,10.6,3.0900318145751955,0.2656728747540278,0.08597739139800778,0.5,-0.019397497177124023,True,mean,A,2
67,[OH-]->[Ga+3],Ga,10.4,3.0900318145751955,0.2656728747540278,0.08597739139800778,0.5,-0.019397497177124023,True,mean,A,2
68,OC1=O->[Ga+3]<-N2CCC[C@H]12,Ga,10.2,6.295781898498535,0.3623830015921063,0.05755964984723027,0.5555555555555556,0.020050154791937932,False,none,B,9
69,O=C(O)C1(O)CC(O)=O->[Ga+3]<-O=C(O)C1,Ga,10.02,7.428507900238037,0.3233002427317347,0.04352155871320739,0.6428571428571429,0.215963499886649,True,mean,A,14
70,[OH-]->[Ga+3],Ga,9.9,3.0900318145751955,0.2656728747540278,0.08597739139800778,0.5,-0.019397497177124023,True,mean,A,2
71,OC1=O->[Ga+3]<-NC1,Ga,9.6,5.825282192230224,0.29360440513905917,0.050401748009850825,0.16666666666666666,0.2197080453236898,False,none,B,6
72,ON1->[Ga+3]<-O=C1c1ccccc1,Ga,9.2,5.337185192108154,0.18544547893548813,0.034745932970378784,0.7272727272727273,-0.023979447104714134,True,both,A,11
73,ON12->[Ga+3]<-O=C1C=CC=C2,Ga,9.12,4.512725019454956,0.9012766278865212,0.19971893346060263,0.7777777777777778,-0.07302077611287434,True,both,C,9
74,c1cc2ccc3cccn4->[Ga+3]<-n(c1)c2c34,Ga,5.58,4.909889793395996,0.4005870636809418,0.08158779128194445,0.6666666666666666,-0.018624178568522134,True,mean,A,15
75,OC1=O->[Ga+3]<-O=C(O)c2ccccc21,Ga,5.15,5.651579570770264,0.2781669023046382,0.049219319806325636,0.5384615384615384,-0.04116527850811298,True,mean,A,13
76,c1ccn2->[Ga+3]<-n3ccccc3-c2c1,Ga,4.52,3.5461460828781126,0.848590831779723,0.23929945691661755,0.6153846153846154,-0.16345843902001014,True,mean,C,13
77,[N-]=[N+]=N->[Ga+3],Ga,3.5,3.1357868671417237,0.5073688098625724,0.1617995199798257,0.75,-0.1854456067085266,True,both,C,4
78,C1#N->[Ga+3]<-S1,Ga,2.3,3.5902520656585692,0.24209049143219608,0.06742994280202128,0.5,-0.23203319311141968,True,mean,A,4
79,O=N(O)->[Ga+3],Ga,2.11,4.559393644332886,0.7839854423000542,0.17194949667803122,0.75,-0.026148200035095215,True,both,C,4
80,C1#N->[Ga+3]<-S1,Ga,1.36,3.5902520656585692,0.24209049143219608,0.06742994280202128,0.5,-0.23203319311141968,True,mean,A,4
81,O=C(O)CN1CCN2(CC(=O)O)->[In+3]<-N(CC(=O)O)(CC1)CC2,In,25.9,6.14173469543457,0.45730191343648235,0.07445810281847824,0.5909090909090909,-0.0738611871545965,True,mean,A,22
82,O=C(O)CN1CCN2(CC(=O)O)->[In+3]<-N(CC(=O)O)(CCOCC2)CC1,In,25.5,6.452495193481445,0.5525868912431144,0.08563925654704224,0.4,0.010690574645996093,False,none,B,25
83,O=C(O)CN1(CC(=O)O)->[In+3]<-N(CC(=O)O)(CC(=O)O)CC1,In,24.9,7.8278453826904295,0.46414014857255087,0.05929347424246466,0.6666666666666666,0.22973930268060594,True,mean,A,21
84,O=C(O)CN1CCN(CC(=O)O)CCN2(CC(=O)O)->[In+3]<-N(CC(=O)O)(CC1)CC2,In,23.9,7.321455192565918,0.6774089150954888,0.09252380807893469,0.4827586206896552,-0.008013741723422346,False,none,B,29
85,O=C(O)CN1CCN(CC(=O)O)CCN2(CC(=O)O)->[In+3]<-N(CC(=O)O)(CCOCC2)CC1,In,22.88,7.866575241088867,0.5743117000683007,0.07300657305971514,0.78125,0.22876626253128052,True,both,A,32
86,O=S1(=O)(O)->[In+3]<-n2cccc3c1cc(I)c(O)c32,In,15.1,6.684914302825928,0.3770015957681444,0.05639587565225387,0.47058823529411764,-0.032515862408806294,True,mean,A,17
87,ON12->[In+3]<-O=C1C=CC=C2,In,13.97,4.636700439453125,0.6918166685784791,0.14920452110554622,0.7777777777777778,-0.062340365515814886,True,both,C,9
88,O=C(O)CN1(CC(=O)O)->[In+3]<-O=C(O)C1,In,13.81,6.296876525878906,0.44344644870956623,0.07042324029812079,0.5714285714285714,0.013548544475010462,False,none,B,14
89,C1CS->[In+3]<-N1,In,12.54,6.802373027801513,0.36707464635444,0.05396273401270326,0.4,-0.15326852798461915,False,none,B,5
90,CCC1C(O)=C(O)C=CN1(->[In+3])CC,In,12.04,6.690189456939697,0.3188858817835563,0.04766470125188723,0.5384615384615384,0.0027322769165039062,False,none,B,13
91,Oc1cccc2cccn(->[In+3])c12,In,12.0,6.604637622833252,0.7892713427659304,0.11950259618140101,0.6666666666666666,0.04185871283213297,False,none,D,12
92,CC1C(O)=C(O)C=CN1(C)->[In+3],In,11.85,6.930231189727783,0.3473128401240804,0.05011562105444317,0.6363636363636364,0.06504474986683238,True,mean,A,11
93,O=C(O)CN1->[In+3]<-O=C(O)C1,In,10.2,5.350814628601074,0.3725253863136763,0.06962031245157711,0.7,-0.0696990966796875,True,both,A,10
94,O=C(O)CN1->[In+3]<-O=C(O)C1,In,10.14,5.350814628601074,0.3725253863136763,0.06962031245157711,0.7,-0.0696990966796875,True,both,A,10
95,[OH-]->[In+3],In,10.07,3.155058670043945,0.25277892695226206,0.08011861375266953,0.5,-0.08454692363739014,True,mean,A,2
96,[OH-]->[In+3],In,9.98,3.155058670043945,0.25277892695226206,0.08011861375266953,0.5,-0.08454692363739014,True,mean,A,2
97,[OH-]->[In+3],In,9.9,3.155058670043945,0.25277892695226206,0.08011861375266953,0.5,-0.08454692363739014,True,mean,A,2
98,[OH-]->[In+3],In,9.47,3.155058670043945,0.25277892695226206,0.08011861375266953,0.5,-0.08454692363739014,True,mean,A,2
99,CN12->[In+3]<-O=C1C(O)=CC=C2,In,9.35,6.034793853759766,0.39846815209403535,0.06602846124491624,0.7,-0.07167892456054688,True,both,A,10
100,ON1(c2ccccc2)->[In+3]<-O=C1c1ccccc1,In,9.2,4.453304672241211,0.313515441293549,0.07040062703272587,0.5882352941176471,-0.05385802773868337,True,mean,A,17
101,CC1=O->[In+3]<-O=C(C)C1,In,7.6,5.45151538848877,0.6296348603840891,0.1154972178403099,0.75,-0.21787917613983154,True,both,C,8
102,[OH-]->[In+3],In,7.04,3.155058670043945,0.25277892695226206,0.08011861375266953,0.5,-0.08454692363739014,True,mean,A,2
103,OC1=O->[In+3]<-O=C1O,In,6.02,6.2810060501098635,0.22693447973342576,0.03613027561555308,0.14285714285714285,0.7812232289995465,False,none,B,7
104,OC1=O->[In+3]<-O=C(O)C1,In,5.97,5.7416181564331055,0.25943878164969697,0.045185655782248924,0.25,0.21442240476608276,False,none,B,8
105,OC1=O->[In+3]<-n2ccccc21,In,5.81,5.057602405548096,0.5048045616798518,0.09981104112219073,0.6,-0.008917093276977539,True,mean,A,10
106,c1cc2ccc3cccn4->[In+3]<-n(c1)c2c34,In,5.7,5.089667797088623,0.18405540308315052,0.036162557247534574,0.6666666666666666,-0.0055853525797526045,True,mean,A,15
107,OC1=O->[In+3]<-O=C1O,In,5.3,6.2810060501098635,0.22693447973342576,0.03613027561555308,0.14285714285714285,0.7812232289995465,False,none,B,7
108,OC1=O->[In+3]<-O=C(O)C=C1,In,5.05,5.780235481262207,0.2791971849411043,0.048302043376291154,0.3333333333333333,-0.04866382810804579,True,mean,A,9
109,OC1=O->[In+3]<-O=C(O)COC1,In,5.0,6.149598026275635,0.4855459240196312,0.07895571742169481,0.3,0.14952311515808106,False,none,B,10
110,c1ccn2->[In+3]<-n3ccccc3-c2c1,In,4.75,3.5717417716979982,0.8419816706441351,0.23573419481662553,0.6153846153846154,-0.15583115357619065,True,mean,C,13
111,C1#N->[In+3]<-S1,In,3.3,3.5608285427093507,0.22466613203442243,0.06309377981549183,0.5,-0.21095556020736694,True,mean,A,4
112,[N-]=[N+]=N->[In+3],In,3.3,3.0574843883514404,0.45870284526823785,0.15002622646768934,0.5,-0.1878281831741333,True,mean,C,4
113,[N-]=[N+]=N->[In+3],In,3.19,3.0574843883514404,0.45870284526823785,0.15002622646768934,0.5,-0.1878281831741333,True,mean,C,4
114,O=N(O)->[In+3],In,2.6,4.517270898818969,0.8219216769132285,0.18195093792761424,0.75,-0.13268649578094482,True,both,C,4
115,C1#N->[In+3]<-S1,In,2.56,3.5608285427093507,0.22466613203442243,0.06309377981549183,0.5,-0.21095556020736694,True,mean,A,4
116,O=S1(=O)(O)->[Tl+3]<-n2cccc3c1cc(I)c(O)c32,Tl,18.9,6.65827751159668,0.3474224762016347,0.05217903212903505,0.47058823529411764,-0.00255890453563017,True,mean,A,17
117,[OH-]->[Tl+3],Tl,13.4,3.2216896057128905,0.5091738565600684,0.1580455968375014,0.5,-0.05968332290649414,True,mean,C,2
118,[OH-]->[Tl+3],Tl,13.1,3.2216896057128905,0.5091738565600684,0.1580455968375014,0.5,-0.05968332290649414,True,mean,C,2
119,[OH-]->[Tl+3],Tl,12.8,3.2216896057128905,0.5091738565600684,0.1580455968375014,0.5,-0.05968332290649414,True,mean,C,2
120,[OH-]->[Tl+3],Tl,12.7,3.2216896057128905,0.5091738565600684,0.1580455968375014,0.5,-0.05968332290649414,True,mean,C,2
121,[OH-]->[Tl+3],Tl,12.5,3.2216896057128905,0.5091738565600684,0.1580455968375014,0.5,-0.05968332290649414,True,mean,C,2
122,c1cc2ccc3cccn4->[Tl+3]<-n(c1)c2c34,Tl,11.57,5.030883407592773,0.2962635459287087,0.05888897076835017,0.6666666666666666,-0.010772418975830079,True,mean,A,15
123,c1ccn2->[Tl+3]<-n3ccccc3-c2c1,Tl,9.4,3.5423997402191163,0.8011701383712376,0.22616593188934714,0.6153846153846154,-0.1310613338763897,True,mean,C,13
124,C1COCCN23->[Tl+]<-N(CCO1)(CCOCCOCC2)CCOCC3,Tl,6.8,4.612708854675293,0.8254472906969397,0.17895065929866633,0.2916666666666667,0.041885813077290855,False,none,D,24
125,O=C(O)CN1(CC(=O)O)->[Tl+]<-N(CC(=O)O)(CC(=O)O)CC1,Tl,6.41,7.857168483734131,0.4088121309787111,0.05203046515103143,0.6666666666666666,0.38952950068882536,True,mean,A,21
126,CN12->[Tl+]<-N3(CCOCCOCCN(CCOCCOCC3)CC1)CCOCC2,Tl,6.3,5.051662349700928,0.6860026979511102,0.13579741686253505,0.5357142857142857,-0.011094893727983748,True,mean,C,28
127,CC(O)=O->[Tl+3],Tl,6.17,4.077749443054199,0.2899411593212734,0.0711032306840584,0.8,-0.657725191116333,True,both,A,5
128,C1COCCN23->[Tl+]<-N(CCO1)(CCOCCOCC2)CCOCCOCC3,Tl,6.0,4.561380243301391,0.8351698433154952,0.18309586107011858,0.25925925925925924,0.02873779226232458,False,none,D,27
129,CN12->[Tl+]<-N(C)(CCN3CCOCCOCCN(CCOCCOCC3)CC1)CC2,Tl,5.5,5.6483251571655275,0.7272792899606529,0.12876016690328432,0.4482758620689655,0.03644366099916656,False,none,D,29
130,C1COCCN23->[Tl+]<-N(CCO1)(CCOCC2)CCOCC3,Tl,5.0,4.6804803848266605,0.8129485351015495,0.17368912339361436,0.3333333333333333,0.058148701985677086,False,none,D,21
131,C1CN2CCOCCOCCN3(->[Tl+]<-N(CCN1)CC3)CCOCCOCC2,Tl,4.2,5.906853199005127,0.7504002179376205,0.12703891440268197,0.5925925925925926,-0.02572121443571868,True,mean,C,27
132,CN1CCN(C)CCN2CCOCCOCCN(CC1)CCN1(C)->[Tl+]<-N(C)(CC2)CC1,Tl,4.1,6.660248756408691,0.5307190771452429,0.07968457283739877,0.4838709677419355,0.042855647302442984,False,none,B,31
133,C1CCN23->[Tl+]<-N(CC1)(CCOCCOCC2)CCOCCOCC3,Tl,4.1,4.706112098693848,0.552530564091971,0.11740701294500028,0.5,-0.005709350109100342,True,mean,C,24
134,CN12->[Tl+]<-N(C)(CCN3CCOCCN(CCOCC3)CC1)CC2,Tl,3.9,6.03480167388916,0.725309697514513,0.12018782666093537,0.4782608695652174,0.060319651728091034,False,none,D,23
135,O=C(O)C(C(=O)O)N1->[Tl+]<-N(C(C(=O)O)C(=O)O)CC1,Tl,3.8,6.112036323547363,0.38739708801525863,0.06338265473370376,0.3684210526315789,0.012629609358938117,False,none,B,19
136,O=C(O)CC(C(=O)O)N1->[Tl+]<-N(C(CC(=O)O)C(=O)O)CC1,Tl,3.3,6.078324222564698,0.47599062477062143,0.07830951547526716,0.6190476190476191,-0.0016432943798246839,True,mean,A,21
137,O=C(O)C(C(=O)O)N1->[Tl+]<-N(C(C(=O)O)C(=O)O)CC(O)C1,Tl,3.29,5.991801357269287,0.27969739596443444,0.04668001812595206,0.47619047619047616,-0.025016353243873232,True,mean,A,21
138,O=C(O)CC(C(=O)O)N1->[Tl+]<-N(C(CC(=O)O)C(=O)O)CC(O)C1,Tl,3.12,5.9504618644714355,0.3732106365449594,0.06271960816576223,0.6956521739130435,-0.03939527014027471,True,mean,A,23
139,C1COCCN2->[Tl+]<-N(CCO1)CCOCC2,Tl,2.4,4.551570129394531,0.8665730132373097,0.19038990691165839,0.0625,0.06739458441734314,False,none,D,16
140,C1COCCN2->[Tl+]<-N(CCO1)CCOCCOCC2,Tl,2.4,4.488104391098022,0.8705158318159063,0.19396069163242727,0.05263157894736842,0.0464771170365183,False,none,D,19
141,OC1=O->[Tl+]<-NC1,Tl,1.51,5.698840808868408,0.3000809617657871,0.0526564913515057,0.3333333333333333,0.13997101783752441,False,none,B,6
142,CC1N->[Tl+]<-O=C1O,Tl,1.48,5.894326686859131,0.20479378067693685,0.03474421957871899,0.42857142857142855,-0.17020865849086217,True,mean,A,7
143,O=C(O)C1(O)CC(O)=O->[Tl+]<-O=C(O)C1,Tl,1.48,7.387188816070557,0.36830098110757525,0.04985671684827522,0.5714285714285714,0.22783960614885604,True,mean,A,14
144,C1COCCOCCS2->[Tl+]<-S(CCOCCO1)CC2,Tl,1.38,4.462947177886963,0.535185453722224,0.11991749675505103,0.47368421052631576,-0.021263599395751953,True,mean,C,19
145,O=C(O)C1(O)CC(O)=O->[Tl+]<-O=C(O)C1,Tl,1.04,7.387188911437988,0.36830102881080024,0.04985672266219422,0.5714285714285714,0.22783960614885604,True,mean,A,14
146,C1COCCS2->[Tl+]<-S(CCO1)CCOCCOCC2,Tl,0.9,4.345871829986573,0.6239001345559018,0.1435615588685756,0.47368421052631576,-0.02468126698544151,True,mean,C,19
147,O=[N+]1[O-]->[Tl+3]<-[O-]1,Tl,0.9,2.947584533691406,0.44799302512555256,0.15198648927788636,1.0,-0.4435893535614014,True,both,C,5
148,O=S1(O)(=S)->[Tl+]<-[O-]1,Tl,0.86,3.076050281524658,0.2904180224714182,0.09441263825098177,0.8333333333333334,-0.29682056109110516,True,both,A,6
149,O=N(O)->[TlH+],Tl,0.83,4.604311990737915,0.9485594819238256,0.20601546633502646,0.25,0.008072376251220703,False,none,D,4
150,[TlH+]<-S1CCOCCOCCOCCOCC1,Tl,0.8,4.250330686569214,0.6822624324965754,0.16051984723270665,0.5,-0.04930707812309265,True,mean,C,16
151,[OH-]->[TlH+],Tl,0.79,3.2378828525543213,0.41140590075052225,0.12706015612206903,0.5,-0.6733293533325195,True,mean,C,2
152,O=C(O)C1(O)CC(O)=O->[Tl+]<-O=C(O)C1,Tl,0.65,7.387188720703125,0.3683009334044428,0.04985671103436861,0.5714285714285714,0.22783964020865305,True,mean,A,14
153,C1#N->[Tl+]<-S1,Tl,0.58,3.731350374221802,0.17748868154361527,0.04756687626276097,0.5,-0.21323418617248535,True,mean,A,4
154,[O-][Cl+2]1[O-]->[Tl+]<-[O-]1,Tl,0.47,2.298429584503174,0.6169292628014067,0.26841338406056126,0.4,-0.09879493713378906,True,mean,C,5
155,[N-]=[N+]=N->[TlH+],Tl,0.39,3.085684871673584,0.5324255493626996,0.17254696169733227,0.75,-0.21318215131759644,True,both,C,4
156,O=[N+]1[O-]->[Tl+]<-[O-]1,Tl,0.33,2.9430469512939452,0.4249572296717359,0.14439362901937342,1.0,-0.5241034507751465,True,both,C,5
157,[OH-]->[TlH+],Tl,0.3,3.2378828525543213,0.41140590075052225,0.12706015612206903,0.5,-0.6733293533325195,True,mean,C,2
158,[OH-]->[TlH+],Tl,0.26,3.2378828525543213,0.41140590075052225,0.12706015612206903,0.5,-0.6733293533325195,True,mean,C,2
159,C1#N->[Tl+]<-S1,Tl,0.24,3.731350374221802,0.17748868154361527,0.04756687626276097,0.5,-0.21323418617248535,True,mean,A,4
160,C1#N->[Tl+]<-S1,Tl,0.19,3.731350374221802,0.17748868154361527,0.04756687626276097,0.5,-0.21323418617248535,True,mean,A,4
161,C1#N->[Tl+]<-S1,Tl,0.18,3.731350374221802,0.17748868154361527,0.04756687626276097,0.5,-0.21323418617248535,True,mean,A,4
162,C1#N->[Tl+]<-S1,Tl,0.17,3.731350374221802,0.17748868154361527,0.04756687626276097,0.5,-0.21323418617248535,True,mean,A,4
163,C1#N->[Tl+]<-S1,Tl,0.15,3.731350374221802,0.17748868154361527,0.04756687626276097,0.5,-0.21323418617248535,True,mean,A,4
164,C1#N->[Tl+]<-S1,Tl,0.15,3.731350374221802,0.17748868154361527,0.04756687626276097,0.5,-0.21323418617248535,True,mean,A,4
165,O[I+2]1[O-]->[Tl+]<-[O-]1,Tl,0.15,3.06273512840271,0.7127109656951537,0.23270408174893323,0.4,-0.054618310928344724,True,mean,C,5
166,C1#N->[Tl+]<-S1,Tl,0.12,3.731350374221802,0.17748868154361527,0.04756687626276097,0.5,-0.21323418617248535,True,mean,A,4
167,[OH-]->[TlH+],Tl,0.08,3.2378828525543213,0.41140590075052225,0.12706015612206903,0.5,-0.6733293533325195,True,mean,C,2
168,[O-][Cl+3]1([O-])[O-]->[Tl+]<-[O-]1,Tl,0.0,2.3218405485153197,0.5683314841462616,0.2447762765232419,0.6666666666666666,-0.08542064825693767,True,mean,C,6
169,[OH-]->[TlH+],Tl,-0.1,3.2378828525543213,0.41140590075052225,0.12706015612206903,0.5,-0.6733293533325195,True,mean,C,2
170,CC(O)=O->[TlH+],Tl,-0.12,4.161712265014648,0.16558574046805294,0.03978788775477012,0.6,-0.6779819011688233,True,mean,A,5
171,O=[N+]1[O-]->[Tl+]<-[O-]1,Tl,-0.21,2.9430469512939452,0.4249572296717359,0.14439362901937342,1.0,-0.5241034030914307,True,both,C,5
172,O=[N+]1[O-]->[Tl+]<-[O-]1,Tl,-0.43,2.9430469512939452,0.4249572296717359,0.14439362901937342,1.0,-0.5241034030914307,True,both,C,5
173,O=[N+]1[O-]->[Tl+]<-[O-]1,Tl,-0.48,2.9430469512939452,0.4249572296717359,0.14439362901937342,1.0,-0.5241034030914307,True,both,C,5
174,[O-][Cl+3]1([O-])[O-]->[Tl+]<-[O-]1,Tl,-0.5,2.321840524673462,0.5683315018105708,0.24477628664462198,0.6666666666666666,-0.08542064825693767,True,mean,C,6
175,N->[TlH+],Tl,-0.8,3.090541362762451,0.8366588692979838,0.27071595914514607,1.0,-1.084332823753357,True,both,C,2
